[
	{
		"model": "publisher.module",
		"pk": 1,
		"fields": {
			"module_name": "magazine",
			"module_type": "publication",
			"title": "นิตยสาร",
			"front_page_url": "view_magazines"
		}
	},
	{
		"model": "publisher.module",
		"pk": 2,
		"fields": {
			"module_name": "book",
			"module_type": "publication",
			"title": "หนังสือ",
			"front_page_url": "view_books"
		}
	},
	{
		"model": "publisher.module",
		"pk": 3,
		"fields": {
			"module_name": "file",
			"module_type": "publication",
			"title": "ไฟล์",
			"front_page_url": "view_files"
		}
	},
	{
		"model": "publisher.module",
		"pk": 4,
		"fields": {
			"module_name": "shelf",
			"module_type": "feature",
			"title": "ชั้นหนังสือ",
			"front_page_url": ""
		}
	},




	{
		"model": "accounts.role",
		"pk": 1,
		"fields": {
			"name": "Publisher Admin",
			"code": "publisher_admin"
		}
	},
	{
		"model": "accounts.role",
		"pk": 2,
		"fields": {
			"name": "Publisher Staff",
			"code": "publisher_staff"
		}
	},
	{
		"model": "accounts.role",
		"pk": 3,
		"fields": {
			"name": "Publisher User",
			"code": "publisher_user"
		}
	},




	{
		"model": "publisher.publicationcategory",
		"pk": 1,
		"fields": {
			"name": "ท่องเที่ยว",
			"slug": "travel"
		}
	},
	{
		"model": "publisher.publicationcategory",
		"pk": 2,
		"fields": {
			"name": "กีฬา",
			"slug": "sports"
		}
	},
	{
		"model": "publisher.publicationcategory",
		"pk": 3,
		"fields": {
			"name": "ไลฟ์สไตล์ผู้หญิง",
			"slug": "women"
		}
	},
	{
		"model": "publisher.publicationcategory",
		"pk": 4,
		"fields": {
			"name": "สุขภาพ",
			"slug": "health"
		}
	},
	{
		"model": "publisher.publicationcategory",
		"pk": 5,
		"fields": {
			"name": "เทคโนโลยี",
			"slug": "technology"
		}
	},
	{
		"model": "publisher.publicationcategory",
		"pk": 6,
		"fields": {
			"name": "ไลฟ์สไตล์ผู้ชาย",
			"slug": "men"
		}
	},
	{
		"model": "publisher.publicationcategory",
		"pk": 7,
		"fields": {
			"name": "ข่าว",
			"slug": "news"
		}
	},
	{
		"model": "publisher.publicationcategory",
		"pk": 8,
		"fields": {
			"name": "แฟชั่น",
			"slug": "fashion"
		}
	},
	{
		"model": "publisher.publicationcategory",
		"pk": 9,
		"fields": {
			"name": "ไลฟ์สไตล์ทั่วไป",
			"slug": "lifestyle"
		}
	},
	{
		"model": "publisher.publicationcategory",
		"pk": 10,
		"fields": {
			"name": "วัยรุ่น",
			"slug": "teenager"
		}
	},
	{
		"model": "publisher.publicationcategory",
		"pk": 11,
		"fields": {
			"name": "นางแบบ",
			"slug": "modelling"
		}
	},
	{
		"model": "publisher.publicationcategory",
		"pk": 12,
		"fields": {
			"name": "วงการบันเทิง",
			"slug": "gossip"
		}
	},
	{
		"model": "publisher.publicationcategory",
		"pk": 13,
		"fields": {
			"name": "ธรรมมะ",
			"slug": "buddhism"
		}
	},
	{
		"model": "publisher.publicationcategory",
		"pk": 14,
		"fields": {
			"name": "แต่งบ้าน",
			"slug": "home"
		}
	},
	{
		"model": "publisher.publicationcategory",
		"pk": 15,
		"fields": {
			"name": "บ้านและที่ดิน",
			"slug": "land"
		}
	},
	{
		"model": "publisher.publicationcategory",
		"pk": 16,
		"fields": {
			"name": "ยานพาหนะ",
			"slug": "vehicle"
		}
	},
	{
		"model": "publisher.publicationcategory",
		"pk": 17,
		"fields": {
			"name": "การออกแบบ",
			"slug": "design"
		}
	},
	{
		"model": "publisher.publicationcategory",
		"pk": 18,
		"fields": {
			"name": "แม่และเด็ก",
			"slug": "mothor"
		}
	},
	{
		"model": "publisher.publicationcategory",
		"pk": 19,
		"fields": {
			"name": "อาหาร",
			"slug": "food"
		}
	},
	{
		"model": "publisher.publicationcategory",
		"pk": 20,
		"fields": {
			"name": "สัตว์เลี้ยง",
			"slug": "pet"
		}
	},
	{
		"model": "publisher.publicationcategory",
		"pk": 21,
		"fields": {
			"name": "ช็อปปิ้ง",
			"slug": "shopping"
		}
	},
	{
		"model": "publisher.publicationcategory",
		"pk": 22,
		"fields": {
			"name": "ภาพยนต์",
			"slug": "movie"
		}
	},
	{
		"model": "publisher.publicationcategory",
		"pk": 23,
		"fields": {
			"name": "เพลงและดนตรี",
			"slug": "music"
		}
	},
	{
		"model": "publisher.publicationcategory",
		"pk": 24,
		"fields": {
			"name": "ความรู้ทั่วไป",
			"slug": "knowledge"
		}
	},
	{
		"model": "publisher.publicationcategory",
		"pk": 25,
		"fields": {
			"name": "การตลาด",
			"slug": "marketing"
		}
	},
	{
		"model": "publisher.publicationcategory",
		"pk": 26,
		"fields": {
			"name": "การเงิน",
			"slug": "finance"
		}
	},
	{
		"model": "publisher.publicationcategory",
		"pk": 27,
		"fields": {
			"name": "ธุรกิจทั่วไป",
			"slug": "business"
		}
	},
	{
		"model": "publisher.publicationcategory",
		"pk": 28,
		"fields": {
			"name": "การศึกษา",
			"slug": "education"
		}
	},
	{
		"model": "publisher.publicationcategory",
		"pk": 29,
		"fields": {
			"name": "ธรรมชาติและสิ่งแวดล้อม",
			"slug": "nature"
		}
	},
	{
		"model": "publisher.publicationcategory",
		"pk": 30,
		"fields": {
			"name": "เครื่องประดับ",
			"slug": "jewelry"
		}
	},
	{
		"model": "publisher.publicationcategory",
		"pk": 31,
		"fields": {
			"name": "เด็กและเยาวชน",
			"slug": "kid"
		}
	},
	{
		"model": "publisher.publicationcategory",
		"pk": 32,
		"fields": {
			"name": "ละครทีวี",
			"slug": "tv"
		}
	},
	{
		"model": "publisher.publicationcategory",
		"pk": 33,
		"fields": {
			"name": "เกม",
			"slug": "game"
		}
	},


{"pk": 1, "model": "auth.user", "fields": {"username": "system@openreader.com", "first_name": "", "last_name": "", "is_active": true, "is_superuser": true, "is_staff": true, "last_login": "2011-12-01 16:43:51", "groups": [], "user_permissions": [], "password": "sha1$01585$302a20e1e2d0a73652b63b57df52bd793472244b", "email": "system@openreader.com", "date_joined": "2011-12-01 16:43:51"}}, {"pk": 2, "model": "auth.user", "fields": {"username": "admin@openreader.com", "first_name": "", "last_name": "", "is_active": true, "is_superuser": false, "is_staff": false, "last_login": "2011-12-01 16:43:51", "groups": [], "user_permissions": [], "password": "sha1$b0f03$15fb4bd73eaca528c1e5e698a999cc3e0a20f7f1", "email": "admin@openreader.com", "date_joined": "2011-12-01 16:43:51"}}, {"pk": 3, "model": "auth.user", "fields": {"username": "staff@openreader.com", "first_name": "", "last_name": "", "is_active": true, "is_superuser": false, "is_staff": false, "last_login": "2011-12-01 16:43:51", "groups": [], "user_permissions": [], "password": "sha1$0286b$eb6f8978b020def24a1ebe92b8695f2c03616199", "email": "staff@openreader.com", "date_joined": "2011-12-01 16:43:51"}}, {"pk": 4, "model": "auth.user", "fields": {"username": "panuta@gmail.com", "first_name": "", "last_name": "", "is_active": true, "is_superuser": false, "is_staff": false, "last_login": "2011-12-01 16:43:51", "groups": [], "user_permissions": [], "password": "sha1$8d3a7$f6812e5ceed9592a08c0600ddccc0398e949e151", "email": "panuta@gmail.com", "date_joined": "2011-12-01 16:43:51"}},


{"pk": 1, "model": "accounts.userprofile", "fields": {"is_publisher": false, "first_name": "System", "last_name": "Openreader", "is_first_time": true, "user": 1}}, {"pk": 2, "model": "accounts.userprofile", "fields": {"is_publisher": true, "first_name": "Admin", "last_name": "Openreader", "is_first_time": true, "user": 2}}, {"pk": 3, "model": "accounts.userprofile", "fields": {"is_publisher": true, "first_name": "Staff", "last_name": "Openreader", "is_first_time": true, "user": 3}}, {"pk": 4, "model": "accounts.userprofile", "fields": {"is_publisher": true, "first_name": "Panu", "last_name": "Tangchalermkul", "is_first_time": true, "user": 4}},


{"pk": 1, "model": "publisher.publisher", "fields": {"status": 0, "modified_by": 2, "name": "Opendream", "created_by": 2}},


{"pk": 1, "model": "accounts.userpublisher", "fields": {"is_default": true, "publisher": 1, "role": 1, "user": 2}}, {"pk": 2, "model": "accounts.userpublisher", "fields": {"is_default": true, "publisher": 1, "role": 2, "user": 3}}, {"pk": 3, "model": "accounts.userpublisher", "fields": {"is_default": true, "publisher": 1, "role": 3, "user": 4}},


{"pk": 1, "model": "publisher.publishermodule", "fields": {"publisher": 1, "module": 1}}, {"pk": 2, "model": "publisher.publishermodule", "fields": {"publisher": 1, "module": 2}}, {"pk": 3, "model": "publisher.publishermodule", "fields": {"publisher": 1, "module": 3}}, {"pk": 4, "model": "publisher.publishermodule", "fields": {"publisher": 1, "module": 4}}




























]
